region,month,value
전국,2006-01,45.6698831059651
수도권,2006-01,38.50985315053191
서울,2006-01,28.79000181784694
인천,2006-01,48.75663184019018
경기,2006-01,43.82013530792152
전국,2006-02,46.071417204505934
수도권,2006-02,39.08717427306108
서울,2006-02,29.273667839590072
인천,2006-02,49.25965777444786
경기,2006-02,44.456406768202015
전국,2006-03,46.571906718170766
수도권,2006-03,39.7186403348305
서울,2006-03,29.996286596267336
인천,2006-03,49.64530876562479
경기,2006-03,44.97711873345921
전국,2006-04,46.9300628103538
수도권,2006-04,40.207636558748774
서울,2006-04,30.35386456848122
인천,2006-04,50.18773940732236
경기,2006-04,45.56981489324613
전국,2006-05,47.210550346603526
수도권,2006-05,40.58358987594042
서울,2006-05,30.463673306427914
인천,2006-05,50.743111530113026
경기,2006-05,46.165590389321366
전국,2006-06,47.55258210127178
수도권,2006-06,40.76795234152374
서울,2006-06,30.436523576861507
인천,2006-06,51.17349616279111
경기,2006-06,46.50275393266362
전국,2006-07,47.66551594284159
수도권,2006-07,40.972097617686785
서울,2006-07,30.64363845746084
인천,2006-07,51.10519504202278
경기,2006-07,46.73960984203674
전국,2006-08,48.30223356003668
수도권,2006-08,41.603216866115226
서울,2006-08,31.024723575100367
인천,2006-08,51.829511514549765
경기,2006-08,47.55316419342745
전국,2006-09,49.16922386831207
수도권,2006-09,42.560733175965545
서울,2006-09,31.643931733643544
인천,2006-09,52.31409191924594
경기,2006-09,48.847026223753815
전국,2006-10,51.18369056082218
수도권,2006-10,44.94532532830075
서울,2006-10,33.11652392329832
인천,2006-10,53.88822864026953
경기,2006-10,52.06451222884954
전국,2006-11,53.18144867361969
수도권,2006-11,47.35988163543714
서울,2006-11,34.52976069634081
인천,2006-11,56.25650659723595
경기,2006-11,55.31139817077136
전국,2006-12,53.951853215212566
수도권,2006-12,48.532665857709446
서울,2006-12,35.58147845078536
인천,2006-12,58.048162718995265
경기,2006-12,56.452653822035245
전국,2007-01,54.8266432594705
수도권,2007-01,49.40818404244933
서울,2007-01,36.0504086119376
인천,2007-01,59.97792469499328
경기,2007-01,57.48583256500467
전국,2007-02,54.71976998096479
수도권,2007-02,49.37026221230593
서울,2007-02,35.94829497578588
인천,2007-02,60.412085793798695
경기,2007-02,57.427885692201045
전국,2007-03,54.9542905716105
수도권,2007-03,49.71094259228009
서울,2007-03,36.22075625017512
인천,2007-03,61.19450153598558
경기,2007-03,57.74198872026803
전국,2007-04,54.88833790306559
수도권,2007-04,49.66804985767061
서울,2007-04,36.095377050652964
인천,2007-04,61.94155597501163
경기,2007-04,57.63273381657047
전국,2007-05,54.469154417331175
수도권,2007-05,49.3468628855891
서울,2007-05,35.71647510404398
인천,2007-05,63.012048932232254
경기,2007-05,57.10280556205179
전국,2007-06,54.855516416943296
수도권,2007-06,49.89081253635673
서울,2007-06,36.27241303066157
인천,2007-06,63.85797202402893
경기,2007-06,57.54961111646971
전국,2007-07,55.29742007309526
수도권,2007-07,50.51431944100296
서울,2007-07,36.57120813724995
인천,2007-07,64.97270491215619
경기,2007-07,58.33617948185794
전국,2007-08,55.71988168163724
수도권,2007-08,51.126291229245645
서울,2007-08,36.86435844818083
인천,2007-08,66.34943982265267
경기,2007-08,59.0442706015327
전국,2007-09,56.08181238229973
수도권,2007-09,51.504701133531704
서울,2007-09,37.03244936499724
인천,2007-09,67.42214013284028
경기,2007-09,59.442864605071996
전국,2007-10,56.33368129286399
수도권,2007-10,51.888845778908944
서울,2007-10,37.258807888125325
인천,2007-10,68.8997426129813
경기,2007-10,59.70863021415557
전국,2007-11,56.3180386154883
수도권,2007-11,51.97301934043244
서울,2007-11,37.247368214833756
인천,2007-11,69.88208384010164
경기,2007-11,59.67195566867337
전국,2007-12,56.417746512851764
수도권,2007-12,52.1938264250691
서울,2007-12,37.44201067046195
인천,2007-12,70.15197331779915
경기,2007-12,59.89570267096016
전국,2008-01,57.00203569081926
수도권,2008-01,52.88075990811871
서울,2008-01,37.97025335018607
인천,2008-01,71.61930089576242
경기,2008-01,60.52746445752719
전국,2008-02,57.44336727298355
수도권,2008-02,53.439763327965785
서울,2008-02,38.59706551765253
인천,2008-02,71.98968277877901
경기,2008-02,61.04790817143492
전국,2008-03,58.36361400617982
수도권,2008-03,54.58694698436592
서울,2008-03,39.65814265023735
인천,2008-03,74.23535026993753
경기,2008-03,61.99215538491818
전국,2008-04,59.21105463922621
수도권,2008-04,55.72053567403906
서울,2008-04,40.54724001322329
인천,2008-04,76.4453334963823
경기,2008-04,63.06172807461399
전국,2008-05,59.89833538445979
수도권,2008-05,56.61690182178134
서울,2008-05,41.05630557381466
인천,2008-05,78.34458822208006
경기,2008-05,64.02986206545324
전국,2008-06,60.38568942399428
수도권,2008-06,57.22725041733688
서울,2008-06,41.17798858723652
인천,2008-06,80.83881609757967
경기,2008-06,64.59431592664394
전국,2008-07,60.431366101576835
수도권,2008-07,57.24940150923904
서울,2008-07,40.7513619674311
인천,2008-07,82.27258987023383
경기,2008-07,64.65806364535514
전국,2008-08,60.34475984420175
수도권,2008-08,57.07685295197711
서울,2008-08,40.64957368692899
인천,2008-08,83.21969016153241
경기,2008-08,64.1483432967771
전국,2008-09,59.86402115135153
수도권,2008-09,56.466327156757735
서울,2008-09,39.721125660759945
인천,2008-09,83.68100441832401
경기,2008-09,63.56209537846248
전국,2008-10,58.36400785282895
수도권,2008-10,54.32564183865672
서울,2008-10,38.213805282387234
인천,2008-10,81.05793703557157
경기,2008-10,61.01913396591054
전국,2008-11,56.3018578996053
수도권,2008-11,51.61136798676864
서울,2008-11,35.7928267590863
인천,2008-11,77.50413562286928
경기,2008-11,58.29082303927419
전국,2008-12,54.152145533091314
수도권,2008-12,48.8732748283384
서울,2008-12,33.61397186700138
인천,2008-12,74.28991305167489
경기,2008-12,55.23106130394887
전국,2009-01,54.356584654866104
수도권,2009-01,49.33834707686137
서울,2009-01,34.98878034243329
인천,2009-01,74.35767736216313
경기,2009-01,55.01782245423833
전국,2009-02,55.36950947339611
수도권,2009-02,50.68963338741036
서울,2009-02,36.466430337443725
인천,2009-02,74.72640049374255
경기,2009-02,56.48239726945364
전국,2009-03,55.79073278833205
수도권,2009-03,51.26596706066984
서울,2009-03,36.95117413121132
인천,2009-03,75.26846169743922
경기,2009-03,57.14942713571032
전국,2009-04,56.60175547852564
수도권,2009-04,52.4055220792525
서울,2009-04,38.004464136085566
인천,2009-04,76.36776813612282
경기,2009-04,58.380622080149834
전국,2009-05,57.450975632430136
수도권,2009-05,53.537437910492194
서울,2009-05,38.76400952842927
인천,2009-05,77.24934005845266
경기,2009-05,59.87906881970893
전국,2009-06,58.071458250957605
수도권,2009-06,54.38478528941595
서울,2009-06,39.61108244828082
인천,2009-06,77.9227844419291
경기,2009-06,60.7681110840819
전국,2009-07,58.70094013951336
수도권,2009-07,55.08289932293013
서울,2009-07,40.360919583924236
인천,2009-07,78.79452505023217
경기,2009-07,61.381385428356886
전국,2009-08,59.55283272796702
수도권,2009-08,56.07956986534551
서울,2009-08,41.306976117478285
인천,2009-08,79.64468553318395
경기,2009-08,62.446713289536405
전국,2009-09,60.14009675075239
수도권,2009-09,56.62913245215236
서울,2009-09,41.69795138966314
인천,2009-09,80.36025142220554
경기,2009-09,63.090114611642534
전국,2009-10,60.055872766229044
수도권,2009-10,56.308662622647155
서울,2009-10,41.45066566560393
인천,2009-10,80.55105783558697
경기,2009-10,62.60101056389953
전국,2009-11,59.63856775474334
수도권,2009-11,55.614199862725044
서울,2009-11,40.880612889238975
인천,2009-11,79.38569767572872
경기,2009-11,61.919936522080796
전국,2009-12,59.27414558787204
수도권,2009-12,54.99196854506662
서울,2009-12,40.742559797288166
인천,2009-12,78.27555479129582
경기,2009-12,61.00265457233937
전국,2010-01,59.84710400339617
수도권,2010-01,55.56189885421154
서울,2010-01,41.26722468437186
인천,2010-01,79.51216563221097
경기,2010-01,61.45919324306064
전국,2010-02,59.91645456105995
수도권,2010-02,55.5056806431557
서울,2010-02,41.30682618244614
인천,2010-02,78.9941446114115
경기,2010-02,61.42397653908006
전국,2010-03,59.8061943131437
수도권,2010-03,55.045134348362524
서울,2010-03,40.93529627010475
인천,2010-03,78.55354725218716
경기,2010-03,60.893195801999376
전국,2010-04,59.23540832325397
수도권,2010-04,53.99650758373225
서울,2010-04,40.05388902728563
인천,2010-04,77.44711417741766
경기,2010-04,59.73477795559542
전국,2010-05,58.80952924297975
수도권,2010-05,53.16112547035087
서울,2010-05,39.38437830173426
인천,2010-05,76.27864210669169
경기,2010-05,58.8472170983975
전국,2010-06,58.589509249102655
수도권,2010-06,52.67587742363475
서울,2010-06,39.067474227275504
인천,2010-06,75.82950148931754
경기,2010-06,58.22076387654585
전국,2010-07,58.34298671279642
수도권,2010-07,52.042318715675215
서울,2010-07,38.50202672035316
인천,2010-07,75.14047287686559
경기,2010-07,57.5552506969912
전국,2010-08,58.26160551902723
수도권,2010-08,51.660973956389675
서울,2010-08,38.35952530919577
인천,2010-08,74.33382883827072
경기,2010-08,57.07097088329864
전국,2010-09,58.733509866250444
수도권,2010-09,52.00601031915285
서울,2010-09,38.57297066501718
인천,2010-09,74.85481824039574
경기,2010-09,57.486115450693475
전국,2010-10,59.092836323594355
수도권,2010-10,52.0696335910344
서울,2010-10,38.60086509620702
인천,2010-10,74.43945719367116
경기,2010-10,57.69055941108318
전국,2010-11,59.58686673008474
수도권,2010-11,52.40454780035376
서울,2010-11,38.99801234841085
인천,2010-11,74.45472764598406
경기,2010-11,58.04402709441048
전국,2010-12,60.27810939921703
수도권,2010-12,52.86921756128419
서울,2010-12,39.465497082881605
인천,2010-12,74.795958258761
경기,2010-12,58.53377287794811
전국,2011-01,61.23428664526522
수도권,2011-01,53.47474503358121
서울,2011-01,39.98458553564488
인천,2011-01,74.6762511632155
경기,2011-01,59.36720179323108
전국,2011-02,62.25370387765737
수도권,2011-02,54.077588915166785
서울,2011-02,40.36093077505196
인천,2011-02,75.20401141849258
경기,2011-02,60.174979011275376
전국,2011-03,63.00808514610271
수도권,2011-03,54.05715410002021
서울,2011-03,40.225148962382725
인천,2011-03,75.09429554199298
경기,2011-03,60.276760126113004
전국,2011-04,63.37148020448181
수도권,2011-04,53.75680775585883
서울,2011-04,39.98390690208257
인천,2011-04,74.48227512800452
경기,2011-04,60.00099453622298
전국,2011-05,63.589663200862326
수도권,2011-05,53.51220103069812
서울,2011-05,39.69787385197267
인천,2011-05,73.87498066237109
경기,2011-05,59.87408135597387
전국,2011-06,63.7794567492524
수도권,2011-06,53.219852723721395
서울,2011-06,39.408552922938775
인천,2011-06,73.10964238575713
경기,2011-06,59.68575392849358
전국,2011-07,64.10582080558432
수도권,2011-07,53.124651281434
서울,2011-07,39.41921750576415
인천,2011-07,72.66278679971516
경기,2011-07,59.58079440356485
전국,2011-08,64.60123573041045
수도권,2011-08,53.25437783815444
서울,2011-08,39.47152785026645
인천,2011-08,72.51844579557347
경기,2011-08,59.83282301684136
전국,2011-09,65.06635383450984
수도권,2011-09,53.251481195020034
서울,2011-09,39.40182469017044
인천,2011-09,72.30288587104262
경기,2011-09,59.93163188097254
전국,2011-10,65.03287667451379
수도권,2011-10,52.956465497612214
서울,2011-10,39.099182835111456
인천,2011-10,71.68074071349803
경기,2011-10,59.71673195748801
전국,2011-11,64.6551058928806
수도권,2011-11,52.42960044614408
서울,2011-11,38.70634251644325
인천,2011-11,70.95022192637289
경기,2011-11,59.130009657747514
전국,2011-12,64.13236285351731
수도권,2011-12,51.99195832446355
서울,2011-12,38.279018170600885
인천,2011-12,70.44480071836998
경기,2011-12,58.70568840257269
전국,2012-01,64.77393053844732
수도권,2012-01,52.019445195839964
서울,2012-01,38.408065575843004
인천,2012-01,70.27155216612209
경기,2012-01,58.690907874764534
전국,2012-02,64.86156155976394
수도권,2012-02,51.837287108682816
서울,2012-02,38.27449886021754
인천,2012-02,69.97880603052013
경기,2012-02,58.49404763945005
전국,2012-03,64.70490288529449
수도권,2012-03,51.52810774709836
서울,2012-03,37.957675524525676
인천,2012-03,69.67721245405453
경기,2012-03,58.19341046881548
전국,2012-04,64.43367810372895
수도권,2012-04,51.04574687087029
서울,2012-04,37.517399618673835
인천,2012-04,69.28626045059897
경기,2012-04,57.66423069405765
전국,2012-05,64.26725924281799
수도권,2012-05,50.76851732936517
서울,2012-05,37.31846571185979
인천,2012-05,69.0765886767683
경기,2012-05,57.31271929809735
전국,2012-06,64.01807741124412
수도권,2012-06,50.42006635076673
서울,2012-06,37.05191328273309
인천,2012-06,68.45726870564039
경기,2012-06,56.956894247117695
전국,2012-07,63.506899736239916
수도권,2012-07,49.79485908234906
서울,2012-07,36.54802759911205
인천,2012-07,67.43924220185946
경기,2012-07,56.32031812056661
전국,2012-08,63.43733992984616
수도권,2012-08,49.47424606155021
서울,2012-08,36.227707339958165
인천,2012-08,67.1103607159963
경기,2012-08,56.00428400322619
전국,2012-09,63.4085023630489
수도권,2012-09,49.29331497360622
서울,2012-09,36.032154858832826
인천,2012-09,66.69601065034495
경기,2012-09,55.883728663891496
전국,2012-10,63.429519289153276
수도권,2012-10,49.18307222664461
서울,2012-10,35.962483601423806
인천,2012-10,66.3967086437094
경기,2012-10,55.77977990204451
전국,2012-11,63.10555435850986
수도권,2012-11,48.90249229182126
서울,2012-11,35.83080205965813
인천,2012-11,65.90388695934452
경기,2012-11,55.42490233124212
전국,2012-12,62.440809548885426
수도권,2012-12,48.45539191803569
서울,2012-12,35.48392120907343
인천,2012-12,65.40609667517167
경기,2012-12,54.912371814365336
전국,2013-01,63.15987322523867
수도권,2013-01,48.585109889713756
서울,2013-01,35.681635564742706
인천,2013-01,65.72774678283587
경기,2013-01,54.94641665999571
전국,2013-02,63.199468676203395
수도권,2013-02,48.61451235179965
서울,2013-02,35.78213510142751
인천,2013-02,65.34330342541996
경기,2013-02,55.00132499421036
전국,2013-03,63.531281945680774
수도권,2013-03,48.8876291751701
서울,2013-03,36.12533712905089
인천,2013-03,65.71769632280552
경기,2013-03,55.19229816415404
전국,2013-04,63.76116701440778
수도권,2013-04,49.06605033196736
서울,2013-04,36.26770582910421
인천,2013-04,65.78311658117768
경기,2013-04,55.41895590648988
전국,2013-05,63.89072348673712
수도권,2013-05,49.22240485250333
서울,2013-05,36.37500849556195
인천,2013-05,65.92224542110957
경기,2013-05,55.614502727537584
전국,2013-06,63.69476043035818
수도권,2013-06,49.028805603036446
서울,2013-06,36.16267061554622
인천,2013-06,65.68757965750703
경기,2013-06,55.44498780754407
전국,2013-07,64.13379489534884
수도권,2013-07,49.010049032962954
서울,2013-07,36.10848245759799
인천,2013-07,65.79158756377632
경기,2013-07,55.42849459677258
전국,2013-08,64.40525713377141
수도권,2013-08,49.272347605889884
서울,2013-08,36.2960099803492
인천,2013-08,66.3241347668554
경기,2013-08,55.691983572436435
전국,2013-09,64.84982669117471
수도권,2013-09,49.66725216083546
서울,2013-09,36.55525684721818
인천,2013-09,66.68341472751096
경기,2013-09,56.19839767729184
전국,2013-10,65.22559506648136
수도권,2013-10,49.973402452312996
서울,2013-10,36.77569971800073
인천,2013-10,67.02085027816224
경기,2013-10,56.56336999100853
전국,2013-11,65.20852024364598
수도권,2013-11,49.890449710362326
서울,2013-11,36.67421698384976
인천,2013-11,66.98255290185816
경기,2013-11,56.487205104722484
전국,2013-12,65.18579503877324
수도권,2013-12,49.82729760922591
서울,2013-12,36.584338648633754
인천,2013-12,66.98546921402678
경기,2013-12,56.43334175046205
전국,2014-01,65.65474196692435
수도권,2014-01,50.1785268619885
서울,2014-01,36.93363659324849
인천,2014-01,67.40033998153059
경기,2014-01,56.77111693306851
전국,2014-02,66.08573371489204
수도권,2014-02,50.60435859098913
서울,2014-02,37.237087813708456
인천,2014-02,68.13963974135307
경기,2014-02,57.22677993105609
전국,2014-03,66.49972377024316
수도권,2014-03,50.896349581640465
서울,2014-03,37.425231022133154
인천,2014-03,68.59348606781822
경기,2014-03,57.56437216243292
전국,2014-04,66.53872511880515
수도권,2014-04,50.85255123468016
서울,2014-04,37.394648258377686
인천,2014-04,68.72104702714057
경기,2014-04,57.4742315806529
전국,2014-05,66.48406654724171
수도권,2014-05,50.77319940159752
서울,2014-05,37.25483529635088
인천,2014-05,68.68753598574567
경기,2014-05,57.43251906736866
전국,2014-06,66.53919007590149
수도권,2014-06,50.736116941822
서울,2014-06,37.240389919719114
인천,2014-06,68.49080844596254
경기,2014-06,57.409359498780454
전국,2014-07,66.66193505690399
수도권,2014-07,50.81243586935188
서울,2014-07,37.27397496354163
인천,2014-07,68.90054686790138
경기,2014-07,57.45044558445179
전국,2014-08,67.09740663157923
수도권,2014-08,51.16488628967465
서울,2014-08,37.61599020945385
인천,2014-08,68.97790733456961
경기,2014-08,57.864970190790345
전국,2014-09,67.60490176398434
수도권,2014-09,51.5911443198957
서울,2014-09,37.959256563484026
인천,2014-09,69.53426830839851
경기,2014-09,58.32803488461453
전국,2014-10,68.02026308401355
수도권,2014-10,51.88298351419704
서울,2014-10,38.15546329113079
인천,2014-10,69.98577344449421
경기,2014-10,58.66109420553942
전국,2014-11,68.23426854444037
수도권,2014-11,51.98354478716887
서울,2014-11,38.12679758897375
인천,2014-11,70.06212492877081
경기,2014-11,58.86775460666441
전국,2014-12,68.41693942646452
수도권,2014-12,52.047688402579176
서울,2014-12,38.124223175447405
인천,2014-12,70.28612934417065
경기,2014-12,58.95236838750414
전국,2015-01,68.8680870207535
수도권,2015-01,52.34037727351753
서울,2015-01,38.351711037773995
인천,2015-01,70.7585104191032
경기,2015-01,59.25925530314986
전국,2015-02,69.34028667617994
수도권,2015-02,52.715178815362705
서울,2015-02,38.65730641476991
인천,2015-02,71.17823796804669
경기,2015-02,59.6780824616708
전국,2015-03,69.98452295464931
수도권,2015-03,53.26985635310372
서울,2015-03,39.088890789165134
인천,2015-03,72.04798912459395
경기,2015-03,60.26309240891402
전국,2015-04,70.54704538445598
수도권,2015-04,53.778025140241795
서울,2015-04,39.47379853880685
인천,2015-04,72.79294934221929
경기,2015-04,60.820114235955245
전국,2015-05,70.97481110220333
수도권,2015-05,54.17777737116987
서울,2015-05,39.80458947471796
인천,2015-05,73.56075933509958
경기,2015-05,61.198813696694586
전국,2015-06,71.3708121325751
수도권,2015-06,54.52613479434195
서울,2015-06,40.07458319677913
인천,2015-06,73.93323946498633
경기,2015-06,61.60246530241309
전국,2015-07,72.07971602146118
수도권,2015-07,55.131314943548446
서울,2015-07,40.59419992696295
인천,2015-07,74.81851324863248
경기,2015-07,62.2147009686324
전국,2015-08,72.57245036519969
수도권,2015-08,55.56232617891178
서울,2015-08,40.95435274538985
인천,2015-08,75.4640931870591
경기,2015-08,62.65354579813185
전국,2015-09,73.042633727239
수도권,2015-09,55.960049783578
서울,2015-09,41.28794462716816
인천,2015-09,76.17028551223561
경기,2015-09,63.03546149854943
전국,2015-10,73.3748619788873
수도권,2015-10,56.244931203593126
서울,2015-10,41.552026381140045
인천,2015-10,76.59120468531195
경기,2015-10,63.30558705474852
전국,2015-11,73.35787326829487
수도권,2015-11,56.31835886836078
서울,2015-11,41.72439139131396
인천,2015-11,76.52109653394331
경기,2015-11,63.32776953678749
전국,2015-12,72.90931757480017
수도권,2015-12,56.069784609874354
서울,2015-12,41.545157252612725
인천,2015-12,76.2959713398542
경기,2015-12,63.02125653887214
전국,2016-01,72.81615198168063
수도권,2016-01,56.02620165611031
서울,2016-01,41.48833406221393
인천,2016-01,76.40869199597941
경기,2016-01,62.95684587517806
전국,2016-02,72.93521403403604
수도권,2016-02,56.11065725255456
서울,2016-02,41.570554114491735
인천,2016-02,76.70789692989183
경기,2016-02,62.99786562292117
전국,2016-03,72.8390148535654
수도권,2016-03,56.1423425534069
서울,2016-03,41.582447838530385
인천,2016-03,76.68302653400374
경기,2016-03,63.05551604071832
전국,2016-04,72.82182911675919
수도권,2016-04,56.271926933184766
서울,2016-04,41.74415585987615
인천,2016-04,77.0259487191039
경기,2016-04,63.11392066099144
전국,2016-05,72.82365324149363
수도권,2016-05,56.50491152860371
서울,2016-05,42.092635911060384
인천,2016-05,77.16739185191607
경기,2016-05,63.26880545184723
전국,2016-06,73.03601309838102
수도권,2016-06,56.89062443895042
서울,2016-06,42.59840320003347
인천,2016-06,77.55399096308575
경기,2016-06,63.550978115583725
전국,2016-07,73.45648288016419
수도권,2016-07,57.4541609022467
서울,2016-07,43.28979289355251
인천,2016-07,78.17069418789099
경기,2016-07,63.98960782881685
전국,2016-08,73.97265267370895
수도권,2016-08,58.0357554142509
서울,2016-08,43.90885670924817
인천,2016-08,78.96181310128048
경기,2016-08,64.48719209500217
전국,2016-09,74.61342734514233
수도권,2016-09,58.604457326430214
서울,2016-09,44.4999745728668
인천,2016-09,79.8614658063624
경기,2016-09,64.95805531078837
전국,2016-10,75.12929837889705
수도권,2016-10,59.161431986857195
서울,2016-10,45.08394002295619
인천,2016-10,80.71578225428323
경기,2016-10,65.4221940827733
전국,2016-11,75.25030205419344
수도권,2016-11,59.22193739972905
서울,2016-11,45.18569133463328
인천,2016-11,80.60639812293691
경기,2016-11,65.48288796944524
전국,2016-12,75.00465474410613
수도권,2016-12,58.96764024911454
서울,2016-12,44.927178085304405
인천,2016-12,80.32196976268315
경기,2016-12,65.2429664710989
전국,2017-01,74.77789189659741
수도권,2017-01,58.81026184946225
서울,2017-01,44.78729216457858
인천,2017-01,80.11235904223987
경기,2017-01,65.08426690883692
전국,2017-02,74.9314777056493
수도권,2017-02,58.82759499449136
서울,2017-02,44.79710560439402
인천,2017-02,80.06799063518905
경기,2017-02,65.11975091870943
전국,2017-03,75.05922236081187
수도권,2017-03,59.039717399319024
서울,2017-03,45.13953361772349
인천,2017-03,80.38304279930615
경기,2017-03,65.19837317037495
전국,2017-04,75.02254817028893
수도권,2017-04,59.08680309317184
서울,2017-04,45.25926793639019
인천,2017-04,80.42829899751953
경기,2017-04,65.18162393863518
전국,2017-05,75.19930948691172
수도권,2017-05,59.48515327870664
서울,2017-05,45.95791382431152
인천,2017-05,80.67161579229413
경기,2017-05,65.34973014191588
전국,2017-06,75.59036984965867
수도권,2017-06,60.11304040049146
서울,2017-06,46.896415584085005
인천,2017-06,81.01545020472105
경기,2017-06,65.76128440348023
전국,2017-07,76.11199832060005
수도권,2017-07,60.881078864828
서울,2017-07,48.10612558620766
인천,2017-07,81.61282885692775
경기,2017-07,66.16935298412974
전국,2017-08,76.23083361320991
수도권,2017-08,61.134417839305996
서울,2017-08,48.268758089720535
인천,2017-08,81.79561628102749
경기,2017-08,66.51161080529249
전국,2017-09,76.26978802175955
수도권,2017-09,61.18841405451043
서울,2017-09,48.36573626339263
인천,2017-09,81.95694239997786
경기,2017-09,66.50650286204363
전국,2017-10,76.30827492491922
수도권,2017-10,61.44958045403362
서울,2017-10,48.91350906227015
인천,2017-10,81.9695960990437
경기,2017-10,66.57124596711797
전국,2017-11,76.07742986643824
수도권,2017-11,61.31569463222927
서울,2017-11,49.229687980152015
인천,2017-11,81.52932630292713
경기,2017-11,66.11842459456777
전국,2017-12,75.7635641418026
수도권,2017-12,61.26912808751519
서울,2017-12,49.708414669984904
인천,2017-12,81.38864506082965
경기,2017-12,65.64035248398747
전국,2018-01,75.90071940612941
수도권,2018-01,61.76528118050364
서울,2018-01,50.743007879606985
인천,2018-01,81.4020340821322
경기,2018-01,65.75189892740325
전국,2018-02,76.18473749580501
수도권,2018-02,62.250225483584664
서울,2018-02,51.6333387190398
인천,2018-02,81.2574089911733
경기,2018-02,66.00270110356183
전국,2018-03,76.22755069586339
수도권,2018-03,62.613289253655566
서울,2018-03,52.29387274499791
인천,2018-03,81.26667148942471
경기,2018-03,66.17458021149056
전국,2018-04,76.27341920738495
수도권,2018-04,62.82045617670734
서울,2018-04,52.97467819516333
인천,2018-04,80.82423836167189
경기,2018-04,66.1119951533055
전국,2018-05,76.0068232177392
수도권,2018-05,62.87684949364938
서울,2018-05,53.2391335340901
인천,2018-05,80.65762289098585
경기,2018-05,66.04090197304706
전국,2018-06,75.8556867049615
수도권,2018-06,62.90973973440681
서울,2018-06,53.534458509621984
인천,2018-06,80.37194328316633
경기,2018-06,65.91779413663022
전국,2018-07,75.81485021846137
수도권,2018-07,63.25604318657167
서울,2018-07,54.35617323555623
인천,2018-07,80.15620869423982
경기,2018-07,65.9601680032383
전국,2018-08,76.71696426976608
수도권,2018-08,64.76675801735094
서울,2018-08,56.700622499021705
인천,2018-08,80.76850182207211
경기,2018-08,66.88064816447543
전국,2018-09,77.79060229412926
수도권,2018-09,66.52624834481087
서울,2018-09,59.948611254474926
인천,2018-09,80.88347023594015
경기,2018-09,67.6936420013965
전국,2018-10,77.95292071814882
수도권,2018-10,66.82295029440908
서울,2018-10,60.37125183230072
인천,2018-10,81.08837084217171
경기,2018-10,67.93471890698842
전국,2018-11,77.37386978840163
수도권,2018-11,66.23442507073968
서울,2018-11,59.47358367278702
인천,2018-11,80.48862255182148
경기,2018-11,67.64626301859785
전국,2018-12,76.79643275062772
수도권,2018-12,65.76474731650207
서울,2018-12,58.81179132513559
인천,2018-12,80.53259161207805
경기,2018-12,67.26416405073667
전국,2019-01,76.41459573488918
수도권,2019-01,65.28463693723037
서울,2019-01,58.15479812333603
인천,2019-01,80.6028001188851
경기,2019-01,66.8477730399834
전국,2019-02,76.05254251573312
수도권,2019-02,64.86586736518277
서울,2019-02,57.735243515092485
인천,2019-02,80.31855702272071
경기,2019-02,66.42473065726034
전국,2019-03,75.57584106527699
수도권,2019-03,64.47544461865161
서울,2019-03,57.2582376831586
인천,2019-03,79.91318894587806
경기,2019-03,66.13387991317711
전국,2019-04,75.37695077057958
수도권,2019-04,64.40632341012402
서울,2019-04,57.26277791185834
인천,2019-04,79.9254759059283
경기,2019-04,65.9981695622284
전국,2019-05,75.23671706935608
수도권,2019-05,64.50109191173455
서울,2019-05,57.78235099328059
인천,2019-05,79.42187673223432
경기,2019-05,65.86106316505993
전국,2019-06,75.49278787364585
수도권,2019-06,65.08385389920113
서울,2019-06,58.98519056794329
인천,2019-06,79.45732582195309
경기,2019-06,66.01443792957498
전국,2019-07,75.8260894098813
수도권,2019-07,65.71045650345151
서울,2019-07,60.25300847946687
인천,2019-07,79.47841661675503
경기,2019-07,66.19333172930455
전국,2019-08,76.09986870557641
수도권,2019-08,66.19972690831112
서울,2019-08,61.123818404606
인천,2019-08,79.6448937497303
경기,2019-08,66.4128347249861
전국,2019-09,76.38837445054567
수도권,2019-09,66.57191727091157
서울,2019-09,61.81396180600694
인천,2019-09,79.839332983208
경기,2019-09,66.53949427221715
전국,2019-10,76.76469717290773
수도권,2019-10,67.1766468714482
서울,2019-10,62.799921732881
인천,2019-10,80.05392505674169
경기,2019-10,66.87314577361153
전국,2019-11,77.46528453242712
수도권,2019-11,67.89748071029422
서울,2019-11,63.99564995624863
인천,2019-11,80.19223711873448
경기,2019-11,67.29494873179313
전국,2019-12,78.28483024957322
수도권,2019-12,68.66035446372823
서울,2019-12,65.11863788744154
인천,2019-12,80.38437470115962
경기,2019-12,67.87783989269475
전국,2020-01,78.83697820143807
수도권,2020-01,69.35626008425983
서울,2020-01,65.69137048538083
인천,2020-01,81.15636487029633
경기,2020-01,68.6978772155075
전국,2020-02,79.89374627396673
수도권,2020-02,70.71734263176052
서울,2020-02,66.66605515545446
인천,2020-02,82.6038748112421
경기,2020-02,70.42973510282681
전국,2020-03,80.51683548718745
수도권,2020-03,71.76909804484697
서울,2020-03,67.18326069145034
인천,2020-03,84.69657619212208
경기,2020-03,71.74032427405847
전국,2020-04,80.51151200511954
수도권,2020-04,71.7513638782989
서울,2020-04,66.6580284432844
인천,2020-04,85.29354228261212
경기,2020-04,72.05349745095121
전국,2020-05,81.12190160176797
수도권,2020-05,72.43333080712912
서울,2020-05,66.94369389200139
인천,2020-05,86.57073146361716
경기,2020-05,72.96280469899888
전국,2020-06,82.73241891417142
수도권,2020-06,74.4049639920267
서울,2020-06,69.4620252206114
인천,2020-06,88.02988663795746
경기,2020-06,74.57911481522484
전국,2020-07,84.62027264098859
수도권,2020-07,77.01038534220423
서울,2020-07,73.02523061478058
인천,2020-07,88.56788533296698
경기,2020-07,76.79220714018341
전국,2020-08,85.66356631524833
수도권,2020-08,78.4497102001092
서울,2020-08,75.36809578419782
인천,2020-08,88.38700917659355
경기,2020-08,77.82766961161951
전국,2020-09,86.42309308897026
수도권,2020-09,79.25059667734348
서울,2020-09,76.4255874421259
인천,2020-09,88.86837519112079
경기,2020-09,78.50966487138544
전국,2020-10,87.610413002972
수도권,2020-10,80.24038799516924
서울,2020-10,77.018536692781
인천,2020-10,88.82132305695866
경기,2020-10,80.07674239276196
전국,2020-11,89.64025432499959
수도권,2020-11,81.9593193753007
서울,2020-11,78.50854696928188
인천,2020-11,89.97950214541667
경기,2020-11,82.1310281326166
전국,2020-12,91.86678672438259
수도권,2020-12,83.90444949393725
서울,2020-12,80.13578408898879
인천,2020-12,91.6740522774595
경기,2020-12,84.42158614381142
전국,2021-01,94.20255855623829
수도권,2021-01,86.80200409745818
서울,2021-01,82.69581980567357
인천,2021-01,94.10251424977848
경기,2021-01,87.70981898298112
전국,2021-02,95.92908412462413
수도권,2021-02,88.93531187869561
서울,2021-02,83.84674584982046
인천,2021-02,96.35152127634524
경기,2021-02,90.64314621434593
전국,2021-03,97.26291963729335
수도권,2021-03,90.603879631716
서울,2021-03,84.32556216749856
인천,2021-03,99.18606380391248
경기,2021-03,93.07336898511426
전국,2021-04,98.51261366692671
수도권,2021-04,92.07121511619219
서울,2021-04,84.77949489638321
인천,2021-04,101.9172985550536
경기,2021-04,95.11801153349238
전국,2021-05,100.3309629868301
수도권,2021-05,94.47988767742626
서울,2021-05,86.59060236336306
인천,2021-05,105.62178671838909
경기,2021-05,97.75389143610799
전국,2021-06,102.63442862813123
수도권,2021-06,97.45242249817014
서울,2021-06,88.69887969243982
인천,2021-06,110.01152430304053
경기,2021-06,101.13063898703558
전국,2021-07,105.12982711865175
수도권,2021-07,100.57418518657771
서울,2021-07,90.65791905246776
인천,2021-07,115.08985331822967
경기,2021-07,104.7782842167923
전국,2021-08,107.65222608881564
수도권,2021-08,103.71435196748334
서울,2021-08,92.4194900960429
인천,2021-08,120.24497311832125
경기,2021-08,108.59837614681638
전국,2021-09,109.73195275369292
수도권,2021-09,106.07365891806097
서울,2021-09,93.80790076527045
인천,2021-09,123.97534685167867
경기,2021-09,111.4476170674787
전국,2021-10,110.80528328660641
수도권,2021-10,107.11399031579192
서울,2021-10,94.02434989851481
인천,2021-10,125.60433599410526
경기,2021-10,113.0239502506936
전국,2021-11,110.17378988796818
수도권,2021-11,106.23790626884796
서울,2021-11,92.61645825339473
인천,2021-11,126.20647065686627
경기,2021-11,112.27516142877762
전국,2021-12,108.81524523252315
수도권,2021-12,104.43378141408557
서울,2021-12,90.92994845238415
인천,2021-12,123.74682191830311
경기,2021-12,110.52977384638916
전국,2022-01,108.28924315506892
수도권,2022-01,103.55779831496096
서울,2022-01,90.63163000544499
인천,2022-01,122.39471420334888
경기,2022-01,109.31107935644302
전국,2022-02,108.1069067000325
수도권,2022-02,103.30295748763491
서울,2022-02,89.68514365189594
인천,2022-02,123.01110135525413
경기,2022-02,109.42743082262558
전국,2022-03,108.66731586339526
수도권,2022-03,104.13841225086516
서울,2022-03,91.05991285149433
인천,2022-03,123.08276132478093
경기,2022-03,110.00794447470557
전국,2022-04,109.03828394036745
수도권,2022-04,104.3679323707946
서울,2022-04,91.45607999153498
인천,2022-04,122.82752269237247
경기,2022-04,110.21867973888784
전국,2022-05,108.01098515819325
수도권,2022-05,103.16959950583173
서울,2022-05,90.3620299065099
인천,2022-05,121.40711326161666
경기,2022-05,108.99961235854987
전국,2022-06,107.43318198589678
수도권,2022-06,102.32487847510339
서울,2022-06,90.39230027987382
인천,2022-06,119.04111860717225
경기,2022-06,107.79887449694347
전국,2022-07,104.6607036430867
수도권,2022-07,98.62120475003599
서울,2022-07,86.89261725445883
인천,2022-07,115.10385021347449
경기,2022-07,104.00482872986191
전국,2022-08,102.48336433989611
수도권,2022-08,95.96240725207042
서울,2022-08,84.27774153731329
인천,2022-08,112.14300404661124
경기,2022-08,101.38941257879097
전국,2022-09,100.20451455532722
수도권,2022-09,92.86413605816162
서울,2022-09,81.99434526703565
인천,2022-09,108.67752157186885
경기,2022-09,97.7510348275953
전국,2022-10,96.91424307808295
수도권,2022-10,88.56554920324078
서울,2022-10,78.18362553571161
인천,2022-10,102.32470101917592
경기,2022-10,93.51606868745098
전국,2022-11,93.08436487160611
수도권,2022-11,84.25072477751934
서울,2022-11,73.92909298365838
인천,2022-11,98.51794208930129
경기,2022-11,89.07022625012272
전국,2022-12,90.50291749640847
수도권,2022-12,81.41669101957146
서울,2022-12,71.19918711970755
인천,2022-12,95.96216270984633
경기,2022-12,86.11254533722128
전국,2023-01,89.7862661191151
수도권,2023-01,80.94782516646133
서울,2023-01,71.85213316613441
인천,2023-01,94.46591698730204
경기,2023-01,84.99641562081801
전국,2023-02,90.5997840105581
수도권,2023-02,82.21448639606056
서울,2023-02,73.33830863516282
인천,2023-02,94.85177597235474
경기,2023-02,86.28627018938097
전국,2023-03,91.52769390767541
수도권,2023-03,83.49725495349722
서울,2023-03,74.38509561996774
인천,2023-03,96.53527544576804
경기,2023-03,87.68146706076226
전국,2023-04,92.1621366206699
수도권,2023-04,84.3973291347556
서울,2023-04,75.48445424043513
인천,2023-04,97.03082670637137
경기,2023-04,88.52123460986121
전국,2023-05,92.71018467550795
수도권,2023-05,85.19933951629955
서울,2023-05,76.32184926035995
인천,2023-05,97.63109660544302
경기,2023-05,89.34970511762282
전국,2023-06,93.34884475272915
수도권,2023-06,86.1589345039382
서울,2023-06,77.60471265745505
인천,2023-06,97.63791442805356
경기,2023-06,90.26645949303325
전국,2023-07,93.96747038547663
수도권,2023-07,87.06485460260521
서울,2023-07,78.43621092716762
인천,2023-07,98.9010219938427
경기,2023-07,91.16484180968739
전국,2023-08,94.74276908590478
수도권,2023-08,87.99744439958272
서울,2023-08,79.42039065660845
인천,2023-08,99.43145976095067
경기,2023-08,92.15048708265824
전국,2023-09,95.30368077338721
수도권,2023-09,88.7667524282668
서울,2023-09,80.15928396677806
인천,2023-09,99.97646259248837
경기,2023-09,92.99844545295866
전국,2023-10,95.16736990056266
수도권,2023-10,88.68317307252855
서울,2023-10,80.17875888402028
인천,2023-10,99.69987424073067
경기,2023-10,92.88880643827844
전국,2023-11,94.42856367142657
수도권,2023-11,87.6634381975127
서울,2023-11,79.00393030345317
인천,2023-11,99.0619662807403
경기,2023-11,91.92105205449937
전국,2023-12,93.51498629787517
수도권,2023-12,86.75149161153684
서울,2023-12,77.9417231963082
인천,2023-12,98.16862812921511
경기,2023-12,91.128292319691
전국,2024-01,93.57630341149256
수도권,2024-01,86.89656132260541
서울,2024-01,78.22071481703566
인천,2024-01,98.11588774884221
경기,2024-01,91.22417969517419
전국,2024-02,93.64512088687947
수도권,2024-02,87.24910458467838
서울,2024-02,78.5436178756984
인천,2024-02,98.7741508779624
경기,2024-02,91.54702213544516
전국,2024-03,93.72358404058444
수도권,2024-03,87.33421744189779
서울,2024-03,78.64931020344194
인천,2024-03,99.47288899954542
경기,2024-03,91.49830174352961
전국,2024-04,93.67067215654879
수도권,2024-04,87.60199035945364
서울,2024-04,79.11784856808978
인천,2024-04,99.32090313727836
경기,2024-04,91.70528962587775
전국,2024-05,93.59506880385379
수도권,2024-05,87.80109158802098
서울,2024-05,79.66676064321429
인천,2024-05,99.36247804226439
경기,2024-05,91.67436875562638
전국,2024-06,94.04376780470571
수도권,2024-06,88.59110971135122
서울,2024-06,80.74317311665456
인천,2024-06,100.09693392398546
경기,2024-06,92.25080234486195
전국,2024-07,94.72932892606957
수도권,2024-07,89.70817185852124
서울,2024-07,82.44763814691835
인천,2024-07,100.81643890303202
경기,2024-07,92.99009622977023
전국,2024-08,95.31191458811506
수도권,2024-08,90.75073547027027
서울,2024-08,83.76249050477588
인천,2024-08,101.37262201562116
경기,2024-08,93.92678519005693
전국,2024-09,95.51778681521769
수도권,2024-09,90.94886634652248
서울,2024-09,84.06427709941707
인천,2024-09,101.41697021033869
경기,2024-09,94.08642193115575
전국,2024-10,95.44777911284913
수도권,2024-10,90.87999910759702
서울,2024-10,83.98449619851893
인천,2024-10,101.34427718528715
경기,2024-10,94.03661645410344
전국,2024-11,94.97291763375392
수도권,2024-11,90.48429176944796
서울,2024-11,83.88659994293292
인천,2024-11,100.6145532050937
경기,2024-11,93.48667394587525
전국,2024-12,94.48515018549787
수도권,2024-12,89.98761917210322
서울,2024-12,83.51400631634117
인천,2024-12,100.1545264050902
경기,2024-12,92.88928958061709
전국,2025-01,94.24259207700835
수도권,2025-01,89.84359361817035
서울,2025-01,83.43135229590904
인천,2025-01,99.81641967514764
경기,2025-01,92.73731003234212
전국,2025-02,94.32891317485672
수도권,2025-02,90.17036125646977
서울,2025-02,84.15400473121622
인천,2025-02,99.6082379472775
경기,2025-02,92.85990606617676
전국,2025-03,94.6617042048415
수도권,2025-03,90.8184222058431
서울,2025-03,85.25983280017687
인천,2025-03,99.82710227677913
경기,2025-03,93.21676627321031
전국,2025-04,94.52062716977998
수도권,2025-04,90.84541691717301
서울,2025-04,85.48090319888108
인천,2025-04,99.75672246655536
경기,2025-04,93.12057839916507
전국,2025-05,94.59510851837042
수도권,2025-05,91.12048293661906
서울,2025-05,86.14046651329683
인천,2025-05,99.78341777752043
경기,2025-05,93.14274429650979
전국,2025-06,95.39457876668469
수도권,2025-06,92.29877790326145
서울,2025-06,87.96327632437581
인천,2025-06,100.01018293914132
경기,2025-06,93.99326615603569
전국,2025-07,95.63058616760924
수도권,2025-07,92.78589409466099
서울,2025-07,88.97477712394304
인천,2025-07,100.25072411791047
경기,2025-07,94.13285297899951
전국,2025-08,95.54219702524249
수도권,2025-08,92.56630327566145
서울,2025-08,88.68873339133894
인천,2025-08,99.77243990445108
경기,2025-08,94.01980936137274
전국,2025-09,96.02888525530616
수도권,2025-09,93.31311449998665
서울,2025-09,90.27298873995998
인천,2025-09,99.38981509809624
경기,2025-09,94.33043293303531
전국,2025-10,96.56873091543416
수도권,2025-10,94.13347783843862
서울,2025-10,91.77341665376133
인천,2025-10,99.72499382656906
경기,2025-10,94.70832137415506
전국,2025-11,97.06474218964323
수도권,2025-11,94.86528700398814
서울,2025-11,93.12671425386833
인천,2025-11,99.88670791240366
경기,2025-11,95.11165638716353
전국,2025-12,97.17329828551627
수도권,2025-12,95.11828553584982
서울,2025-12,93.31535981042136
인천,2025-12,99.56034883748896
경기,2025-12,95.54584264027875
전국,2026-01,97.7975698031722
수도권,2026-01,96.00548509923166
서울,2026-01,94.61737798664971
인천,2026-01,99.89933093262172
경기,2026-01,96.24837133127615
전국,2026-02,98.4493337070238
수도권,2026-02,97.0861304314442
서울,2026-02,96.3766298000134
인천,2026-02,99.73886382179413
경기,2026-02,97.064859478539
전국,2026-03,98.15899568339177
수도권,2026-03,96.84387796417239
서울,2026-03,96.18470387838397
인천,2026-03,99.32043588884358
경기,2026-03,96.84185119391273
전국,2026-04,98.1377649889256
수도권,2026-04,97.00364294243722
서울,2026-04,96.24661360737385
인천,2026-04,99.11781406166776
경기,2026-04,97.13262321566802
전국,2026-05,98.81447350661956
수도권,2026-05,97.96679896108026
서울,2026-05,97.50387070087857
인천,2026-05,99.68200081082166
경기,2026-05,97.93898534097303
전국,2026-06,100
수도권,2026-06,100
서울,2026-06,100
인천,2026-06,100
경기,2026-06,100
전국,2026-07,100.77445117963144
수도권,2026-07,101.2164170411212
서울,2026-07,101.92528657093163
인천,2026-07,99.92793007314759
경기,2026-07,100.95504870614145
